{"system":{"emitters":[{"angle":3.0,"billboard_type":"sprite","box":[0.009990000000000001,0.009990000000000001,0.009990000000000001],"color":[0.0,0.531250,1.0,1.0],"diffuse":"$GAME_DATA/Particles/Textures/Geometry/geometry_circle_03.tga","direction_type":"shape","duration":1.0,"effects":[{"control_point":[[0.0,[1.0,1.0,1.0,0.0]],[0.183090,[1.0,1.0,1.0,1.0]],[0.887310,[1.0,1.0,1.0,1.0]],[1.0,[1.0,1.0,1.0,0.0]]],"guid":1,"name":"Color"},{"control_point":[[0.0,0.50],[1.0,1.0]],"fade":0.30,"guid":2,"length":1.0,"name":"Cutoff"},{"control_point":[[0.0,0.03660],[0.049210,0.110160],[0.10,0.1650],[0.159970,0.212170],[0.252290,0.263150],[0.369230,0.287820],[0.50,0.30],[0.615360,0.2894600000000001],[0.738460,0.259860],[0.827690,0.210510],[0.8999900000000001,0.1650],[0.9569200000000001,0.110160],[1.0,0.036490]],"guid":3,"max_scale":0.50,"name":"Scale"}],"emission_mode":"burst","emission_rate":7,"glow":true,"glow_exposure":1.0,"glow_strength":1.0,"guid":0,"height":2.0,"keep_local":true,"max_particles":25,"name":"Circles","position":[0.0,-0.200010,0.0],"rotation":[0.0,45.0],"rotation_axis":[1.0,0.0,0.0],"rotation_speed":300.0,"scene_blend":"addative","shape_rotation":[-90.0,0.0,0.0],"time_to_live":[1.0,0.150],"type":"box","velocity":0.4000000059604645,"width":2.0}],"min_quality":"low"}}
